{
  "method": "isotonic",
  "x": [
    0.7,
    0.8,
    0.9,
    0.95,
    0.98,
    0.99,
    1.0
  ],
  "y": [
    0.7777777777777778,
    0.7777777777777778,
    0.7777777777777778,
    0.7777777777777778,
    0.7777777777777778,
    0.9230769230769231,
    0.9230769230769231
  ]
}